Rank,Term,P.value,Adj.P,Combined_Score,n_genes,Genes
2,Ciliary landscape WP4352,0.005654794765446949,0.30482856189757485,31.060958413414888,4,TBC1D4;EIPR1;GID8;SNAP29
