Rank,Term,P.value,Adj.P,Combined_Score,n_genes,Genes
30,mRNA binding (GO:0003729),0.056189652052000306,0.20790171259240114,10.373972881923551,3,UNK;SRSF4;LARP4B
